Pathway-name,Pathway-id,Gene-name
,,FBgn0000032
ethanol degradation IV,PWY66-162,FBgn0000055
,,FBgn0000055
,,FBgn0000055
,,FBgn0000055
,,FBgn0000055
,,FBgn0000055
,,FBgn0000055
,,FBgn0000055
,,FBgn0000075
,,FBgn0000075
,,FBgn0000075
,,FBgn0000075
,,FBgn0000075
,,FBgn0000075
,,FBgn0000109
,,FBgn0000150
,,FBgn0000150
,,FBgn0000150
,,FBgn0000150
,,FBgn0000150
,,FBgn0000150
,,FBgn0000150
,,FBgn0000150
,,FBgn0000150
,,FBgn0000150
,,FBgn0000150
,,FBgn0000150
,,FBgn0000150
,,FBgn0000150
,,FBgn0000150
,,FBgn0000173
,,FBgn0000239
glutaminyl-tRNAgln biosynthesis via transamidation,PWY-5921,FBgn0000239
,,FBgn0000239
,,FBgn0000239
L-glutamine degradation I,GLUTAMINDEG-PWY,FBgn0000239
,,FBgn0000261
,,FBgn0000261
,,FBgn0000261
,,FBgn0000326
,,FBgn0000326
,,FBgn0000337
,,FBgn0000337
,,FBgn0000337
"icosapentaenoate biosynthesis II (6-desaturase, mammals)",PWY-7049,FBgn0000406
catecholamine biosynthesis,PWY66-301,FBgn0000422
octopamine biosynthesis,PWY-7297,FBgn0000422
phenylethanol biosynthesis,PWY-5751,FBgn0000422
"L-tryptophan degradation X (mammalian, via tryptamine)",PWY-6307,FBgn0000422
"L-phenylalanine degradation IV (mammalian, via side chain)",PWY-6318,FBgn0000422
,,FBgn0000422
,,FBgn0000447
,,FBgn0000447
,,FBgn0000447
,,FBgn0000536
,,FBgn0000536
,,FBgn0000536
,,FBgn0000579
,,FBgn0000579
,,FBgn0000579
,,FBgn0000592
,,FBgn0000592
,,FBgn0000594
,,FBgn0000594
,,FBgn0000640
,,FBgn0000640
ethanol degradation II,PWY66-21,FBgn0000640
,,FBgn0001091
,,FBgn0001091
,,FBgn0001091
,,FBgn0001092
,,FBgn0001092
,,FBgn0001092
,,FBgn0001098
L-glutamate biosynthesis III,GLUTSYNIII-PWY,FBgn0001098
,,FBgn0001124
,,FBgn0001124
,,FBgn0001124
,,FBgn0001124
,,FBgn0001124
,,FBgn0001124
,,FBgn0001124
,,FBgn0001124
L-aspartate degradation I,ASPARTATE-DEG1-PWY,FBgn0001125
L-aspartate biosynthesis,ASPARTATESYN-PWY,FBgn0001125
,,FBgn0001125
3-(4-hydroxyphenyl)pyruvate biosynthesis,PWY-5886,FBgn0001125
malate/L-aspartate shuttle pathway,MALATE-ASPARTATE-SHUTTLE-PWY,FBgn0001125
,,FBgn0001125
,,FBgn0001125
L-glutamine biosynthesis I,GLNSYN-PWY,FBgn0001142
,,FBgn0001145
,,FBgn0001149
,,FBgn0001149
,,FBgn0001149
,,FBgn0001149
,,FBgn0001149
,,FBgn0001186
,,FBgn0001186
,,FBgn0001186
,,FBgn0001186
,,FBgn0001186
,,FBgn0001186
,,FBgn0001186
,,FBgn0001186
,,FBgn0001186
,,FBgn0001186
,,FBgn0001187
,,FBgn0001187
,,FBgn0001187
,,FBgn0001187
,,FBgn0001187
,,FBgn0001187
,,FBgn0001187
,,FBgn0001187
,,FBgn0001187
,,FBgn0001187
L-tyrosine biosynthesis IV,PWY-6134,FBgn0001208
,,FBgn0001208
,,FBgn0001311
,,FBgn0001624
,,FBgn0001624
,,FBgn0001624
,,FBgn0001941
,,FBgn0001941
,,FBgn0001970
,,FBgn0002069
sphingolipid biosynthesis (mammals),PWY-7277,FBgn0002524
ceramide de novo biosynthesis,PWY3DJ-12,FBgn0002524
molybdenum cofactor sulfulylation (eukaryotes),PWY-5963,FBgn0002641
11-cis-3-hydroxyretinal biosynthesis,PWY-7043,FBgn0002937
,,FBgn0002937
glycolysis III (from glucose),ANAGLYCOLYSIS-PWY,FBgn0003071
,,FBgn0003071
,,FBgn0003074
,,FBgn0003074
,,FBgn0003074
,,FBgn0003074
,,FBgn0003074
,,FBgn0003074
,,FBgn0003074
polyphosphate metabolism,PWY-8138,FBgn0003116
,,FBgn0003141
erythro-tetrahydrobiopterin biosynthesis I,PWY-5663,FBgn0003141
drosopterin and aurodrosopterin biosynthesis,PWY-7442,FBgn0003162
,,FBgn0003162
,,FBgn0003189
,,FBgn0003189
UMP biosynthesis I,PWY-5686,FBgn0003189
superpathway of pyrimidine ribonucleotides de novo biosynthesis,PWY0-162,FBgn0003189
,,FBgn0003189
guanosine ribonucleotides de novo biosynthesis,PWY-7221,FBgn0003204
,,FBgn0003204
,,FBgn0003204
inosine 5'-phosphate degradation,PWY-5695,FBgn0003204
superpathway of guanosine nucleotides de novo biosynthesis I,PWY-7228,FBgn0003204
,,FBgn0003257
,,FBgn0003257
,,FBgn0003257
,,FBgn0003292
,,FBgn0003308
,,FBgn0003308
,,FBgn0003308
,,FBgn0003308
,,FBgn0003416
,,FBgn0003416
,,FBgn0003416
,,FBgn0003416
,,FBgn0003423
,,FBgn0003462
,,FBgn0003462
,,FBgn0003656
phosphatidylcholine resynthesis via glycerophosphocholine,PWY-7367,FBgn0003656
chitin biosynthesis,PWY-6981,FBgn0003748
trehalose degradation II (cytosolic),PWY0-1182,FBgn0003748
urate conversion to allantoin I,PWY-5691,FBgn0003961
,,FBgn0003965
,,FBgn0003965
,,FBgn0003965
folate transformations III (E. coli),1CMET2-PWY,FBgn0004087
dTMP de novo biosynthesis (mitochondrial),PWY66-385,FBgn0004087
,,FBgn0004373
3-phosphoinositide biosynthesis,PWY-6352,FBgn0004373
,,FBgn0004436
,,FBgn0004516
,,FBgn0004516
xanthommatin biosynthesis,PWY-8249,FBgn0004577
,,FBgn0004611
,,FBgn0004611
,,FBgn0004611
,,FBgn0004611
,,FBgn0004654
,,FBgn0004654
,,FBgn0004797
,,FBgn0004901
,,FBgn0004901
histamine biosynthesis,PWY-6173,FBgn0005619
,,FBgn0005626
,,FBgn0005674
,,FBgn0010038
,,FBgn0010038
,,FBgn0010038
,,FBgn0010038
,,FBgn0010038
,,FBgn0010040
,,FBgn0010040
,,FBgn0010040
,,FBgn0010041
,,FBgn0010041
,,FBgn0010041
,,FBgn0010042
,,FBgn0010042
,,FBgn0010042
,,FBgn0010043
,,FBgn0010043
,,FBgn0010043
,,FBgn0010044
,,FBgn0010044
,,FBgn0010044
,,FBgn0010044
,,FBgn0010044
,,FBgn0010052
,,FBgn0010052
,,FBgn0010053
,,FBgn0010053
,,FBgn0010053
,,FBgn0010213
,,FBgn0010213
,,FBgn0010222
,,FBgn0010222
,,FBgn0010222
,,FBgn0010226
glutathione-mediated detoxification II,PWY-6842,FBgn0010226
,,FBgn0010226
glutathione-mediated detoxification I,PWY-4061,FBgn0010226
reactive oxygen species degradation,DETOX1-PWY-1,FBgn0010226
,,FBgn0010226
glutathione-peroxide redox reactions,PWY-4081,FBgn0010226
,,FBgn0010329
,,FBgn0010329
,,FBgn0010355
,,FBgn0010548
,,FBgn0010548
,,FBgn0010548
,,FBgn0010548
,,FBgn0010548
,,FBgn0010548
,,FBgn0010548
,,FBgn0010548
,,FBgn0010611
,,FBgn0010611
,,FBgn0010803
,,FBgn0011217
,,FBgn0011336
nitric oxide biosynthesis II (mammals),PWY-4983,FBgn0011676
,,FBgn0011693
,,FBgn0011703
,,FBgn0011703
,,FBgn0011703
,,FBgn0011703
,,FBgn0011703
,,FBgn0011703
,,FBgn0011703
,,FBgn0011703
,,FBgn0011704
,,FBgn0011704
,,FBgn0011704
,,FBgn0011704
guanosine deoxyribonucleotides de novo biosynthesis I,PWY-7226,FBgn0011704
,,FBgn0011704
adenosine deoxyribonucleotides de novo biosynthesis I,PWY-7227,FBgn0011704
,,FBgn0011704
,,FBgn0011768
,,FBgn0011768
protein S-nitrosylation and denitrosylation,PWY-7798,FBgn0011768
,,FBgn0011768
,,FBgn0011768
,,FBgn0011878
,,FBgn0011987
acetate conversion to acetyl-CoA,PWY0-1313,FBgn0012034
,,FBgn0012034
,,FBgn0012034
,,FBgn0012034
,,FBgn0012036
,,FBgn0012036
,,FBgn0012036
,,FBgn0012036
,,FBgn0012036
,,FBgn0012036
,,FBgn0012036
,,FBgn0013307
putrescine biosynthesis III,PWY-46,FBgn0013308
,,FBgn0013674
,,FBgn0013674
,,FBgn0013675
,,FBgn0013675
,,FBgn0013676
,,FBgn0013676
aerobic respiration II (cytochrome c) (yeast),PWY-7279,FBgn0013678
aerobic respiration I (cytochrome c),PWY-3781,FBgn0013678
,,FBgn0013679
,,FBgn0013680
,,FBgn0013681
,,FBgn0013683
,,FBgn0013684
,,FBgn0013685
,,FBgn0013690
,,FBgn0013695
,,FBgn0014028
,,FBgn0014028
,,FBgn0014028
,,FBgn0014032
L-methionine degradation I (to L-homocysteine),METHIONINE-DEG1-PWY,FBgn0014455
,,FBgn0014455
superpathway of L-cysteine biosynthesis (mammalian),PWY-6292,FBgn0014455
,,FBgn0014903
,,FBgn0014906
,,FBgn0014906
,,FBgn0015277
,,FBgn0015278
,,FBgn0015279
,,FBgn0015320
,,FBgn0015321
,,FBgn0015568
,,FBgn0015568
,,FBgn0015569
,,FBgn0015569
,,FBgn0015570
,,FBgn0015570
,,FBgn0015571
,,FBgn0015571
,,FBgn0015572
,,FBgn0015572
,,FBgn0015574
,,FBgn0015574
,,FBgn0015575
,,FBgn0015575
,,FBgn0015576
,,FBgn0015576
,,FBgn0015577
,,FBgn0015577
L-arginine degradation VI (arginase 2 pathway),ARG-PRO-PWY,FBgn0015781
L-proline biosynthesis I (from L-glutamate),PROSYN-PWY,FBgn0015781
,,FBgn0015808
,,FBgn0015808
,,FBgn0015808
,,FBgn0015808
,,FBgn0015808
,,FBgn0015808
,,FBgn0015808
,,FBgn0015808
,,FBgn0015808
,,FBgn0016013
,,FBgn0016078
,,FBgn0016078
,,FBgn0016078
,,FBgn0016078
"D-myo-inositol (1,4,5)-trisphosphate degradation",PWY-6363,FBgn0016672
,,FBgn0016672
,,FBgn0016984
,,FBgn0016984
,,FBgn0017456
,,FBgn0017482
,,FBgn0017482
,,FBgn0017482
,,FBgn0017566
,,FBgn0017567
geranylgeranyl diphosphate biosynthesis,PWY-5120,FBgn0019662
,,FBgn0019662
,,FBgn0019932
,,FBgn0019932
,,FBgn0020018
,,FBgn0020018
,,FBgn0020251
,,FBgn0020251
,,FBgn0020385
,,FBgn0020385
"formate assimilation into 5,10-methylenetetrahydrofolate",PWY-1722,FBgn0020385
folate polyglutamylation,PWY-2161,FBgn0020385
sulfate activation for sulfonation,PWY-5340,FBgn0020389
uroporphyrinogen-III II (from glycine),PWY-5189,FBgn0020764
superpathway of heme b biosynthesis from glycine,PWY-5920,FBgn0020764
,,FBgn0021750
,,FBgn0021750
,,FBgn0021765
,,FBgn0021765
,,FBgn0021765
,,FBgn0021906
,,FBgn0021906
,,FBgn0021944
,,FBgn0021944
,,FBgn0022029
purine deoxyribonucleosides salvage,PWY-7224,FBgn0022338
,,FBgn0022338
,,FBgn0022338
,,FBgn0022338
,,FBgn0022709
,,FBgn0022774
L-ornithine biosynthesis II,ARGININE-SYN4-PWY,FBgn0022774
,,FBgn0022774
,,FBgn0023129
,,FBgn0023129
protein ubiquitination,PWY-7511,FBgn0023143
pentose phosphate pathway (non-oxidative branch) I,NONOXIPENT-PWY,FBgn0023477
pentose phosphate pathway,PENTOSE-P-PWY,FBgn0023477
,,FBgn0023496
,,FBgn0023496
,,FBgn0023508
,,FBgn0023511
,,FBgn0023528
,,FBgn0023537
,,FBgn0023550
,,FBgn0024188
,,FBgn0024230
,,FBgn0024230
,,FBgn0024558
,,FBgn0024740
,,FBgn0024740
,,FBgn0024806
,,FBgn0024806
,,FBgn0024806
,,FBgn0024806
,,FBgn0024920
,,FBgn0024920
,,FBgn0024920
,,FBgn0024920
,,FBgn0024920
,,FBgn0024920
,,FBgn0024920
,,FBgn0024947
,,FBgn0024957
,,FBgn0024958
geranyl diphosphate biosynthesis,PWY-5122,FBgn0025373
"trans, trans-farnesyl diphosphate biosynthesis",PWY-5123,FBgn0025373
,,FBgn0025373
,,FBgn0025592
,,FBgn0025720
,,FBgn0025742
,,FBgn0025742
,,FBgn0025814
,,FBgn0025814
,,FBgn0025814
,,FBgn0025814
,,FBgn0025814
,,FBgn0025814
,,FBgn0025814
,,FBgn0025837
,,FBgn0025837
,,FBgn0025837
myo-inositol biosynthesis,PWY-2301,FBgn0025885
,,FBgn0026060
,,FBgn0026061
,,FBgn0026086
,,FBgn0026086
,,FBgn0026086
,,FBgn0026086
,,FBgn0026190
,,FBgn0026316
,,FBgn0026379
,,FBgn0026379
,,FBgn0026379
,,FBgn0026616
"phospholipid remodeling (phosphatidylethanolamine, yeast)",PWY-7409,FBgn0026619
,,FBgn0026619
,,FBgn0026619
,,FBgn0026630
,,FBgn0026630
,,FBgn0026630
,,FBgn0027079
,,FBgn0027080
,,FBgn0027081
,,FBgn0027082
,,FBgn0027083
,,FBgn0027084
,,FBgn0027085
,,FBgn0027086
,,FBgn0027087
,,FBgn0027088
,,FBgn0027090
,,FBgn0027091
,,FBgn0027093
,,FBgn0027094
,,FBgn0027279
,,FBgn0027341
UDP-N-acetyl-D-glucosamine biosynthesis II,UDPNACETYLGALSYN-PWY,FBgn0027341
,,FBgn0027348
,,FBgn0027348
,,FBgn0027348
,,FBgn0027348
,,FBgn0027348
,,FBgn0027348
,,FBgn0027506
,,FBgn0027512
,,FBgn0027535
heparan sulfate biosynthesis,PWY-6558,FBgn0027535
,,FBgn0027560
,,FBgn0027579
,,FBgn0027579
,,FBgn0027579
,,FBgn0027579
,,FBgn0027579
,,FBgn0027579
,,FBgn0027579
,,FBgn0027583
,,FBgn0027583
,,FBgn0027584
,,FBgn0027584
,,FBgn0027588
,,FBgn0027590
,,FBgn0027590
,,FBgn0027590
,,FBgn0027601
,,FBgn0027601
,,FBgn0027601
,,FBgn0027601
,,FBgn0027601
,,FBgn0027601
,,FBgn0027611
"fructose 2,6-bisphosphate biosynthesis",PWY66-423,FBgn0027621
menaquinol-4 biosynthesis II,PWY-7998,FBgn0028375
,,FBgn0028479
,,FBgn0028479
,,FBgn0028479
,,FBgn0028479
,,FBgn0028479
,,FBgn0028479
,,FBgn0028519
,,FBgn0028519
long-chain fatty acid activation,PWY-5143,FBgn0028519
,,FBgn0028519
,,FBgn0028519
,,FBgn0028519
,,FBgn0028658
purine nucleotides degradation II (aerobic),PWY-6353,FBgn0028658
,,FBgn0028658
purine ribonucleosides degradation,PWY0-1296,FBgn0028658
,,FBgn0028741
juvenile hormone III biosynthesis I,PWY-6575,FBgn0028841
,,FBgn0028913
,,FBgn0028962
,,FBgn0028997
,,FBgn0028997
,,FBgn0028997
,,FBgn0028997
,,FBgn0028997
,,FBgn0028997
,,FBgn0028997
,,FBgn0028997
,,FBgn0028997
,,FBgn0028997
,,FBgn0028997
,,FBgn0028997
,,FBgn0028997
,,FBgn0028997
,,FBgn0028997
oleate biosynthesis II (animals and fungi),PWY-5996,FBgn0029172
,,FBgn0029172
,,FBgn0029648
"octanoyl-[acyl-carrier protein] biosynthesis (mitochondria, yeast)",PWY-7388,FBgn0029648
,,FBgn0029664
,,FBgn0029689
,,FBgn0029689
,,FBgn0029690
,,FBgn0029690
,,FBgn0029720
,,FBgn0029720
,,FBgn0029720
,,FBgn0029720
,,FBgn0029720
,,FBgn0029720
,,FBgn0029720
,,FBgn0029720
,,FBgn0029720
,,FBgn0029720
,,FBgn0029720
,,FBgn0029720
,,FBgn0029783
,,FBgn0029783
,,FBgn0029821
,,FBgn0029831
,,FBgn0029831
,,FBgn0029866
,,FBgn0029892
,,FBgn0029906
,,FBgn0029924
,,FBgn0029924
,,FBgn0029924
,,FBgn0029942
,,FBgn0029942
,,FBgn0029975
,,FBgn0029975
,,FBgn0029975
,,FBgn0029975
,,FBgn0029975
,,FBgn0029975
,,FBgn0029975
,,FBgn0029996
,,FBgn0030007
,,FBgn0030013
"phospholipid remodeling (phosphatidylcholine, yeast)",PWY-7416,FBgn0030013
,,FBgn0030013
,,FBgn0030013
,,FBgn0030013
,,FBgn0030013
,,FBgn0030013
,,FBgn0030013
,,FBgn0030013
,,FBgn0030013
,,FBgn0030013
,,FBgn0030013
,,FBgn0030029
,,FBgn0030041
,,FBgn0030073
,,FBgn0030162
,,FBgn0030162
,,FBgn0030245
protein N-glycosylation processing phase (plants and animals),PWY-7919,FBgn0030289
,,FBgn0030300
sphingosine and sphingosine-1-phosphate metabolism,PWY3DJ-11470,FBgn0030300
,,FBgn0030332
diphthamide biosynthesis II (eukaryotes),PWY-7546,FBgn0030336
,,FBgn0030347
,,FBgn0030361
4-hydroxy-2-nonenal detoxification,PWY-7112,FBgn0030361
,,FBgn0030361
,,FBgn0030386
,,FBgn0030411
,,FBgn0030485
,,FBgn0030509
,,FBgn0030518
,,FBgn0030529
,,FBgn0030529
,,FBgn0030556
,,FBgn0030573
,,FBgn0030573
,,FBgn0030573
,,FBgn0030573
,,FBgn0030573
,,FBgn0030573
,,FBgn0030573
,,FBgn0030573
,,FBgn0030573
,,FBgn0030573
,,FBgn0030573
,,FBgn0030573
,,FBgn0030573
,,FBgn0030573
,,FBgn0030573
,,FBgn0030575
,,FBgn0030592
,,FBgn0030607
,,FBgn0030607
,,FBgn0030653
,,FBgn0030653
,,FBgn0030660
phosphatidylinositol biosynthesis II (eukaryotes),PWY-7625,FBgn0030670
,,FBgn0030670
,,FBgn0030670
,,FBgn0030718
,,FBgn0030731
,,FBgn0030731
,,FBgn0030731
,,FBgn0030731
,,FBgn0030731
,,FBgn0030731
,,FBgn0030731
,,FBgn0030735
,,FBgn0030735
,,FBgn0030761
,,FBgn0030796
,,FBgn0030796
,,FBgn0030796
,,FBgn0030828
,,FBgn0030828
,,FBgn0030853
,,FBgn0030863
,,FBgn0030884
,,FBgn0030884
allantoin degradation to ureidoglycolate I (urea producing),PWY-5697,FBgn0030914
,,FBgn0030932
,,FBgn0030932
,,FBgn0030932
,,FBgn0030975
,,FBgn0030975
,,FBgn0030975
mucin core 1 and core 2 O-glycosylation,PWY-7433,FBgn0030984
,,FBgn0031005
,,FBgn0031005
,,FBgn0031092
,,FBgn0031099
,,FBgn0031099
,,FBgn0031117
,,FBgn0031117
,,FBgn0031117
,,FBgn0031117
,,FBgn0031117
phosphatidate biosynthesis (yeast),PWY-7411,FBgn0031132
,,FBgn0031132
,,FBgn0031132
,,FBgn0031132
,,FBgn0031132
,,FBgn0031132
,,FBgn0031132
L-cysteine biosynthesis III (from L-homocysteine),HOMOCYSDEGR-PWY,FBgn0031148
,,FBgn0031148
,,FBgn0031149
pseudouridine degradation,PWY-6019,FBgn0031265
,,FBgn0031267
,,FBgn0031267
,,FBgn0031267
,,FBgn0031312
,,FBgn0031321
,,FBgn0031331
,,FBgn0031426
,,FBgn0031426
,,FBgn0031466
,,FBgn0031468
,,FBgn0031469
,,FBgn0031472
,,FBgn0031489
,,FBgn0031489
,,FBgn0031497
L-selenocysteine biosynthesis II (archaea and eukaryotes),PWY-6281,FBgn0031497
,,FBgn0031533
,,FBgn0031533
,,FBgn0031566
,,FBgn0031566
,,FBgn0031604
,,FBgn0031611
,,FBgn0031630
GDP-L-fucose biosynthesis I (from GDP-D-mannose),PWY-66,FBgn0031661
superpathway of pyrimidine deoxyribonucleotides de novo biosynthesis,PWY-7211,FBgn0031663
pyrimidine deoxyribonucleotides de novo biosynthesis I,PWY-7184,FBgn0031663
pyrimidine deoxyribonucleotides dephosphorylation,PWY-7206,FBgn0031663
,,FBgn0031716
,,FBgn0031732
,,FBgn0031732
,,FBgn0031735
,,FBgn0031738
,,FBgn0031738
,,FBgn0031771
zymosterol biosynthesis,PWY-6074,FBgn0031775
,,FBgn0031791
,,FBgn0031821
NAD de novo biosynthesis II (from tryptophan),NADSYN-PWY,FBgn0031821
L-tryptophan degradation to 2-amino-3-carboxymuconate semialdehyde,PWY-5651,FBgn0031821
glutaryl-CoA degradation,PWY-5177,FBgn0031824
,,FBgn0031844
,,FBgn0031844
,,FBgn0031844
,,FBgn0031844
,,FBgn0031896
,,FBgn0031948
,,FBgn0031948
,,FBgn0031976
,,FBgn0031976
,,FBgn0031986
,,FBgn0031988
,,FBgn0031990
,,FBgn0031990
pyrimidine ribonucleosides degradation,PWY0-1295,FBgn0032001
pyrimidine deoxyribonucleosides degradation,PWY-7181,FBgn0032001
pyrimidine deoxyribonucleosides salvage,PWY-7199,FBgn0032001
,,FBgn0032001
pyrimidine ribonucleosides salvage I,PWY-7193,FBgn0032001
,,FBgn0032002
,,FBgn0032002
,,FBgn0032002
,,FBgn0032002
,,FBgn0032002
,,FBgn0032003
,,FBgn0032003
,,FBgn0032003
,,FBgn0032003
,,FBgn0032003
dolichol and dolichyl phosphate biosynthesis,PWY-6129,FBgn0032014
,,FBgn0032029
,,FBgn0032029
,,FBgn0032077
,,FBgn0032077
,,FBgn0032077
,,FBgn0032078
,,FBgn0032083
,,FBgn0032083
UTP and CTP de novo biosynthesis,PWY-7176,FBgn0032083
,,FBgn0032131
,,FBgn0032131
,,FBgn0032135
,,FBgn0032135
,,FBgn0032135
,,FBgn0032135
,,FBgn0032135
,,FBgn0032147
"superpathway of D-myo-inositol (1,4,5)-trisphosphate metabolism",PWY-6358,FBgn0032147
"D-myo-inositol (1,3,4)-trisphosphate biosynthesis",PWY-6364,FBgn0032147
,,FBgn0032160
,,FBgn0032160
,,FBgn0032160
,,FBgn0032161
,,FBgn0032161
,,FBgn0032161
,,FBgn0032162
"fatty acid β-oxidation III (unsaturated, odd number)",PWY-5137,FBgn0032162
,,FBgn0032162
melibiose degradation,PWY0-1301,FBgn0032192
,,FBgn0032224
,,FBgn0032234
aspartame degradation,PWY-8454,FBgn0032242
,,FBgn0032242
,,FBgn0032253
,,FBgn0032264
,,FBgn0032264
,,FBgn0032265
,,FBgn0032265
,,FBgn0032266
,,FBgn0032266
,,FBgn0032271
,,FBgn0032271
,,FBgn0032289
,,FBgn0032289
acyl-CoA hydrolysis,PWY-5148,FBgn0032358
,,FBgn0032358
,,FBgn0032358
,,FBgn0032358
,,FBgn0032387
,,FBgn0032457
,,FBgn0032457
,,FBgn0032480
,,FBgn0032482
,,FBgn0032482
chitin deacetylation,PWY-7118,FBgn0032598
,,FBgn0032603
,,FBgn0032612
,,FBgn0032612
,,FBgn0032614
,,FBgn0032614
,,FBgn0032614
,,FBgn0032614
,,FBgn0032614
,,FBgn0032614
"docosahexaenoate biosynthesis III (6-desaturase, mammals)",PWY-7606,FBgn0032614
,,FBgn0032615
,,FBgn0032615
,,FBgn0032615
,,FBgn0032615
,,FBgn0032615
,,FBgn0032615
,,FBgn0032615
,,FBgn0032715
,,FBgn0032715
,,FBgn0032715
,,FBgn0032715
,,FBgn0032715
,,FBgn0032715
,,FBgn0032715
,,FBgn0032715
,,FBgn0032715
,,FBgn0032721
linoleate metabolites biosynthesis,PWY-8395,FBgn0032721
docosahexaenoate metabolites biosynthesis,PWY-8400,FBgn0032721
,,FBgn0032775
,,FBgn0032775
,,FBgn0032775
,,FBgn0032781
,,FBgn0032850
retinoate biosynthesis I,PWY-6872,FBgn0032910
,,FBgn0032945
,,FBgn0032945
,,FBgn0032945
,,FBgn0032945
,,FBgn0032945
,,FBgn0032945
,,FBgn0032945
phosphatidylethanolamine biosynthesis II,PWY4FS-6,FBgn0032955
phosphatidylcholine biosynthesis I,PWY3O-450,FBgn0032955
,,FBgn0032955
,,FBgn0032973
,,FBgn0032973
,,FBgn0032981
,,FBgn0032981
L-asparagine biosynthesis I,ASPARAGINE-BIOSYNTHESIS,FBgn0032997
,,FBgn0032997
,,FBgn0032997
,,FBgn0033075
phospholipases,LIPASYN-PWY,FBgn0033075
,,FBgn0033087
,,FBgn0033087
,,FBgn0033170
,,FBgn0033170
,,FBgn0033170
anandamide biosynthesis II,PWY-8053,FBgn0033170
,,FBgn0033170
,,FBgn0033170
,,FBgn0033170
plasmalogen degradation,PWY-7783,FBgn0033170
,,FBgn0033170
,,FBgn0033170
,,FBgn0033170
phosphatidylcholine acyl editing,PWY-6803,FBgn0033170
,,FBgn0033188
,,FBgn0033188
,,FBgn0033203
,,FBgn0033204
,,FBgn0033214
,,FBgn0033216
,,FBgn0033271
,,FBgn0033315
,,FBgn0033315
,,FBgn0033315
,,FBgn0033367
,,FBgn0033367
,,FBgn0033381
,,FBgn0033381
,,FBgn0033381
,,FBgn0033382
,,FBgn0033382
L-asparagine degradation III (mammalian),ASPARAGINE-DEG1-PWY-1,FBgn0033431
,,FBgn0033464
,,FBgn0033538
,,FBgn0033538
,,FBgn0033538
,,FBgn0033538
,,FBgn0033538
,,FBgn0033544
,,FBgn0033631
superoxide radicals degradation,DETOX1-PWY,FBgn0033631
,,FBgn0033696
,,FBgn0033717
anandamide degradation,PWY6666-1,FBgn0033717
,,FBgn0033717
,,FBgn0033733
,,FBgn0033733
,,FBgn0033733
,,FBgn0033733
,,FBgn0033733
,,FBgn0033733
,,FBgn0033754
,,FBgn0033754
,,FBgn0033754
,,FBgn0033761
,,FBgn0033817
,,FBgn0033817
,,FBgn0033817
progesterone biosynthesis,PWY-7299,FBgn0033817
,,FBgn0033830
,,FBgn0033844
,,FBgn0033844
,,FBgn0033844
,,FBgn0033844
,,FBgn0033844
homolactic fermentation,ANAEROFRUCAT-PWY,FBgn0033856
pyruvate fermentation to (S)-lactate,PWY-5481,FBgn0033856
L-histidine degradation V,PWY-5031,FBgn0033856
,,FBgn0033900
,,FBgn0034007
,,FBgn0034046
,,FBgn0034076
,,FBgn0034076
,,FBgn0034117
,,FBgn0034142
,,FBgn0034143
,,FBgn0034145
,,FBgn0034166
,,FBgn0034166
,,FBgn0034177
,,FBgn0034179
,,FBgn0034191
,,FBgn0034191
,,FBgn0034191
,,FBgn0034191
,,FBgn0034191
,,FBgn0034191
,,FBgn0034197
S-methyl-5'-thioadenosine degradation II,PWY-6756,FBgn0034215
,,FBgn0034225
,,FBgn0034225
,,FBgn0034225
,,FBgn0034225
,,FBgn0034225
,,FBgn0034251
,,FBgn0034335
,,FBgn0034335
,,FBgn0034335
,,FBgn0034354
,,FBgn0034354
,,FBgn0034354
,,FBgn0034383
,,FBgn0034383
,,FBgn0034383
,,FBgn0034383
,,FBgn0034383
,,FBgn0034383
,,FBgn0034401
,,FBgn0034405
,,FBgn0034405
,,FBgn0034405
,,FBgn0034406
,,FBgn0034406
,,FBgn0034406
,,FBgn0034419
,,FBgn0034419
,,FBgn0034419
,,FBgn0034427
,,FBgn0034491
sterol:steryl ester interconversion (yeast),PWY-7424,FBgn0034491
,,FBgn0034491
,,FBgn0034491
,,FBgn0034500
,,FBgn0034552
,,FBgn0034552
,,FBgn0034552
,,FBgn0034552
,,FBgn0034552
,,FBgn0034552
,,FBgn0034553
,,FBgn0034553
,,FBgn0034553
,,FBgn0034553
,,FBgn0034553
,,FBgn0034553
,,FBgn0034588
,,FBgn0034588
,,FBgn0034628
,,FBgn0034628
,,FBgn0034628
,,FBgn0034629
,,FBgn0034629
,,FBgn0034629
,,FBgn0034665
,,FBgn0034691
,,FBgn0034691
,,FBgn0034691
,,FBgn0034733
,,FBgn0034735
,,FBgn0034736
,,FBgn0034736
"D-myo-inositol (1,4,5)-trisphosphate biosynthesis",PWY-6351,FBgn0034789
,,FBgn0034789
,,FBgn0034800
,,FBgn0034800
adenine and adenosine salvage I,P121-PWY,FBgn0034898
xanthine and xanthosine salvage,SALVPURINE2-PWY,FBgn0034898
adenine and adenosine salvage III,PWY-6609,FBgn0034898
,,FBgn0034898
adenosine nucleotides degradation II,SALVADEHYPOX-PWY,FBgn0034898
,,FBgn0034898
,,FBgn0034898
,,FBgn0034898
,,FBgn0034928
,,FBgn0034928
,,FBgn0034938
,,FBgn0034988
,,FBgn0034988
,,FBgn0034988
,,FBgn0034988
,,FBgn0034988
,,FBgn0034990
,,FBgn0034990
,,FBgn0035005
,,FBgn0035006
,,FBgn0035006
,,FBgn0035006
,,FBgn0035006
,,FBgn0035006
,,FBgn0035006
,,FBgn0035064
UDP-α-D-galactose biosynthesis,PWY-7344,FBgn0035147
,,FBgn0035147
,,FBgn0035147
,,FBgn0035231
choline biosynthesis III,PWY-3561,FBgn0035231
plasmalogen biosynthesis I (aerobic),PWY-7782,FBgn0035231
vitamin K-epoxide cycle,PWY-7999,FBgn0035245
glycerol degradation I,PWY-4261,FBgn0035266
,,FBgn0035348
,,FBgn0035348
,,FBgn0035348
,,FBgn0035348
,,FBgn0035348
,,FBgn0035348
,,FBgn0035348
,,FBgn0035348
,,FBgn0035355
,,FBgn0035355
,,FBgn0035355
,,FBgn0035355
,,FBgn0035356
,,FBgn0035356
,,FBgn0035356
,,FBgn0035356
,,FBgn0035383
,,FBgn0035453
,,FBgn0035453
,,FBgn0035455
,,FBgn0035519
,,FBgn0035519
,,FBgn0035558
,,FBgn0035584
,,FBgn0035600
,,FBgn0035600
coenzyme A biosynthesis I (bacteria),COA-PWY,FBgn0035632
,,FBgn0035641
,,FBgn0035641
,,FBgn0035641
,,FBgn0035641
,,FBgn0035641
,,FBgn0035641
,,FBgn0035642
,,FBgn0035642
,,FBgn0035642
,,FBgn0035642
,,FBgn0035642
,,FBgn0035642
,,FBgn0035697
,,FBgn0035697
,,FBgn0035853
,,FBgn0035904
,,FBgn0035904
,,FBgn0035904
,,FBgn0035906
,,FBgn0035906
,,FBgn0035906
,,FBgn0035907
,,FBgn0035907
,,FBgn0035907
,,FBgn0035942
queuosine biosynthesis II (queuine salvage),PWY-8105,FBgn0036000
,,FBgn0036039
3-phosphoinositide degradation,PWY-6368,FBgn0036058
,,FBgn0036058
,,FBgn0036128
,,FBgn0036128
,,FBgn0036128
,,FBgn0036128
,,FBgn0036128
,,FBgn0036128
,,FBgn0036144
,,FBgn0036144
,,FBgn0036144
,,FBgn0036147
,,FBgn0036154
,,FBgn0036157
,,FBgn0036222
,,FBgn0036222
,,FBgn0036222
,,FBgn0036271
,,FBgn0036271
,,FBgn0036273
,,FBgn0036298
,,FBgn0036298
,,FBgn0036298
,,FBgn0036300
,,FBgn0036380
,,FBgn0036403
,,FBgn0036403
,,FBgn0036439
,,FBgn0036449
,,FBgn0036449
,,FBgn0036516
,,FBgn0036545
,,FBgn0036545
,,FBgn0036545
,,FBgn0036545
,,FBgn0036545
,,FBgn0036545
,,FBgn0036545
,,FBgn0036545
,,FBgn0036545
,,FBgn0036545
,,FBgn0036545
,,FBgn0036545
,,FBgn0036550
,,FBgn0036550
,,FBgn0036550
,,FBgn0036551
,,FBgn0036551
,,FBgn0036551
,,FBgn0036552
,,FBgn0036552
,,FBgn0036552
,,FBgn0036553
,,FBgn0036553
,,FBgn0036553
,,FBgn0036565
,,FBgn0036569
,,FBgn0036620
,,FBgn0036620
,,FBgn0036620
,,FBgn0036629
,,FBgn0036691
,,FBgn0036698
,,FBgn0036706
,,FBgn0036751
,,FBgn0036751
,,FBgn0036751
,,FBgn0036751
,,FBgn0036752
,,FBgn0036752
,,FBgn0036752
,,FBgn0036752
,,FBgn0036763
,,FBgn0036793
,,FBgn0036795
,,FBgn0036796
,,FBgn0036821
,,FBgn0036821
,,FBgn0036821
,,FBgn0036821
,,FBgn0036821
,,FBgn0036821
,,FBgn0036824
,,FBgn0036824
,,FBgn0036824
,,FBgn0036824
,,FBgn0036824
,,FBgn0036824
,,FBgn0036836
,,FBgn0036836
,,FBgn0036837
,,FBgn0036837
phosphate acquisition,PWY-6348,FBgn0036875
,,FBgn0036876
,,FBgn0036877
4-aminobutanoate degradation I,PWY-6535,FBgn0036927
,,FBgn0036927
,,FBgn0036927
,,FBgn0036939
,,FBgn0036959
L-glutamate degradation IX (via 4-aminobutanoate),PWY0-1305,FBgn0036975
GABA shunt I,GLUDEG-I-PWY,FBgn0036975
,,FBgn0036977
,,FBgn0036977
,,FBgn0036996
,,FBgn0036996
,,FBgn0036996
,,FBgn0036999
,,FBgn0037046
,,FBgn0037046
,,FBgn0037046
,,FBgn0037046
,,FBgn0037063
,,FBgn0037063
,,FBgn0037063
,,FBgn0037064
,,FBgn0037064
,,FBgn0037064
,,FBgn0037090
,,FBgn0037090
L-proline degradation I,PROUT-PWY,FBgn0037138
,,FBgn0037138
,,FBgn0037153
,,FBgn0037163
,,FBgn0037163
,,FBgn0037163
,,FBgn0037163
,,FBgn0037164
,,FBgn0037164
,,FBgn0037164
,,FBgn0037164
,,FBgn0037165
,,FBgn0037165
,,FBgn0037165
,,FBgn0037165
,,FBgn0037166
,,FBgn0037166
,,FBgn0037166
,,FBgn0037166
,,FBgn0037167
,,FBgn0037167
,,FBgn0037167
,,FBgn0037167
glycine biosynthesis III,GLYSYN-ALA-PWY,FBgn0037186
,,FBgn0037250
malonyl-CoA biosynthesis via biotin-carboxyl carrier protein,PWY0-1264,FBgn0037332
,,FBgn0037339
,,FBgn0037339
,,FBgn0037341
,,FBgn0037341
,,FBgn0037341
,,FBgn0037341
fatty acid biosynthesis initiation (mitochondria),PWY66-429,FBgn0037356
,,FBgn0037356
,,FBgn0037356
,,FBgn0037469
tRNA charging,TRNA-CHARGING-PWY,FBgn0037526
monoacylglycerol metabolism (yeast),PWY-7420,FBgn0037547
,,FBgn0037547
,,FBgn0037547
,,FBgn0037548
,,FBgn0037548
,,FBgn0037548
,,FBgn0037574
,,FBgn0037574
,,FBgn0037579
,,FBgn0037579
,,FBgn0037661
,,FBgn0037661
,,FBgn0037661
,,FBgn0037661
,,FBgn0037687
,,FBgn0037696
,,FBgn0037696
,,FBgn0037696
,,FBgn0037696
,,FBgn0037697
,,FBgn0037697
,,FBgn0037697
,,FBgn0037697
spermidine biosynthesis I,BSUBPOLYAMSYN-PWY,FBgn0037723
,,FBgn0037749
,,FBgn0037759
L-asparagine degradation I,ASPARAGINE-DEG1-PWY,FBgn0037759
,,FBgn0037761
,,FBgn0037761
,,FBgn0037761
,,FBgn0037761
,,FBgn0037761
,,FBgn0037761
,,FBgn0037762
,,FBgn0037762
,,FBgn0037762
,,FBgn0037762
,,FBgn0037762
,,FBgn0037762
,,FBgn0037763
,,FBgn0037763
,,FBgn0037763
,,FBgn0037763
,,FBgn0037763
,,FBgn0037763
,,FBgn0037764
,,FBgn0037764
,,FBgn0037764
,,FBgn0037764
,,FBgn0037764
,,FBgn0037764
,,FBgn0037765
,,FBgn0037765
,,FBgn0037765
,,FBgn0037765
,,FBgn0037765
,,FBgn0037765
,,FBgn0037900
,,FBgn0037900
,,FBgn0037911
,,FBgn0037911
heme degradation I,PWY-5874,FBgn0037933
thiamine diphosphate salvage III,PWY-6898,FBgn0037942
,,FBgn0037987
,,FBgn0037999
,,FBgn0037999
,,FBgn0037999
,,FBgn0038008
,,FBgn0038008
,,FBgn0038020
,,FBgn0038020
,,FBgn0038020
,,FBgn0038029
,,FBgn0038029
,,FBgn0038029
,,FBgn0038029
,,FBgn0038029
,,FBgn0038032
,,FBgn0038033
,,FBgn0038067
,,FBgn0038067
,,FBgn0038068
,,FBgn0038068
,,FBgn0038069
,,FBgn0038069
,,FBgn0038070
,,FBgn0038070
,,FBgn0038080
,,FBgn0038080
,,FBgn0038105
,,FBgn0038130
,,FBgn0038130
,,FBgn0038172
,,FBgn0038172
,,FBgn0038172
,,FBgn0038172
,,FBgn0038173
,,FBgn0038173
,,FBgn0038173
,,FBgn0038173
N1-methyl-N3-aminocarboxypropyl-pseudouridine-modified rRNA biosynthesis,PWY-8341,FBgn0038313
,,FBgn0038398
,,FBgn0038398
,,FBgn0038425
,,FBgn0038425
glycerophosphodiester degradation,PWY-6952,FBgn0038432
,,FBgn0038432
,,FBgn0038449
,,FBgn0038450
,,FBgn0038451
,,FBgn0038515
,,FBgn0038516
,,FBgn0038516
,,FBgn0038610
,,FBgn0038742
,,FBgn0038742
,,FBgn0038742
,,FBgn0038751
formaldehyde oxidation II (glutathione-dependent),PWY-1801,FBgn0038771
,,FBgn0038788
,,FBgn0038788
,,FBgn0038803
,,FBgn0038803
,,FBgn0038803
,,FBgn0038806
,,FBgn0038870
,,FBgn0038878
,,FBgn0038912
cytochrome c biogenesis (system III type),PWY-8145,FBgn0038925
,,FBgn0038983
,,FBgn0038983
,,FBgn0038983
,,FBgn0038983
,,FBgn0038983
,,FBgn0038983
,,FBgn0038986
,,FBgn0038986
,,FBgn0038986
,,FBgn0038986
,,FBgn0038986
,,FBgn0038986
,,FBgn0039030
,,FBgn0039030
,,FBgn0039030
,,FBgn0039030
,,FBgn0039030
,,FBgn0039030
,,FBgn0039071
,,FBgn0039109
,,FBgn0039111
,,FBgn0039111
,,FBgn0039111
,,FBgn0039111
,,FBgn0039131
,,FBgn0039153
,,FBgn0039153
,,FBgn0039156
,,FBgn0039156
,,FBgn0039156
,,FBgn0039156
,,FBgn0039156
,,FBgn0039156
,,FBgn0039175
,,FBgn0039241
,,FBgn0039241
,,FBgn0039254
,,FBgn0039254
NAD biosynthesis from 2-amino-3-carboxymuconate semialdehyde,PWY-5653,FBgn0039254
NAD salvage pathway IV (from nicotinamide riboside),PWY3O-4106,FBgn0039254
NAD salvage pathway V (PNC V cycle),PWY3O-4107,FBgn0039254
,,FBgn0039258
,,FBgn0039258
,,FBgn0039258
,,FBgn0039331
,,FBgn0039341
,,FBgn0039341
,,FBgn0039341
,,FBgn0039344
,,FBgn0039344
,,FBgn0039349
,,FBgn0039349
,,FBgn0039360
,,FBgn0039464
,,FBgn0039464
,,FBgn0039470
,,FBgn0039470
,,FBgn0039471
,,FBgn0039471
,,FBgn0039472
,,FBgn0039472
,,FBgn0039473
,,FBgn0039473
,,FBgn0039474
,,FBgn0039474
,,FBgn0039475
,,FBgn0039475
,,FBgn0039476
,,FBgn0039476
,,FBgn0039580
,,FBgn0039580
,,FBgn0039596
,,FBgn0039616
,,FBgn0039620
,,FBgn0039634
,,FBgn0039651
,,FBgn0039651
,,FBgn0039655
,,FBgn0039655
,,FBgn0039655
,,FBgn0039655
,,FBgn0039655
,,FBgn0039655
,,FBgn0039655
,,FBgn0039655
,,FBgn0039655
,,FBgn0039655
,,FBgn0039655
,,FBgn0039655
,,FBgn0039669
,,FBgn0039681
,,FBgn0039754
,,FBgn0039754
,,FBgn0039755
,,FBgn0039755
,,FBgn0039756
,,FBgn0039756
,,FBgn0039768
,,FBgn0039768
,,FBgn0039769
,,FBgn0039769
ceramide degradation (generic),PWY-6483,FBgn0039774
,,FBgn0039774
,,FBgn0039774
,,FBgn0039776
,,FBgn0039779
,,FBgn0039780
,,FBgn0039782
,,FBgn0039783
,,FBgn0039784
,,FBgn0039799
,,FBgn0039799
,,FBgn0039799
,,FBgn0039854
,,FBgn0039854
,,FBgn0039854
palmitoleate biosynthesis IV (fungi and animals),PWY3O-1801,FBgn0039854
,,FBgn0039855
,,FBgn0039855
,,FBgn0039855
,,FBgn0039855
,,FBgn0039856
,,FBgn0039856
,,FBgn0039856
,,FBgn0039856
,,FBgn0039909
D-myo-inositol-5-phosphate metabolism,PWY-6367,FBgn0039924
,,FBgn0039924
,,FBgn0040001
,,FBgn0040001
,,FBgn0040001
,,FBgn0040001
,,FBgn0040001
,,FBgn0040076
,,FBgn0040077
glutathione biosynthesis,GLUTATHIONESYN-PWY,FBgn0040319
,,FBgn0040319
tRNA-uridine34 modifications (mammalian mitochondria),PWY-7889,FBgn0040337
,,FBgn0040373
,,FBgn0040528
,,FBgn0040529
,,FBgn0040529
,,FBgn0040918
,,FBgn0040918
,,FBgn0041087
,,FBgn0041087
,,FBgn0041087
,,FBgn0041087
5-aminoimidazole ribonucleotide biosynthesis I,PWY-6121,FBgn0041194
superpathway of purine nucleotides de novo biosynthesis I,PWY-841,FBgn0041194
,,FBgn0041342
,,FBgn0041342
,,FBgn0041342
,,FBgn0041706
,,FBgn0041706
eumelanin biosynthesis,PWY-6498,FBgn0041710
adenine and adenosine salvage VI,PWY-6619,FBgn0042094
,,FBgn0042137
,,FBgn0042137
,,FBgn0042137
,,FBgn0042182
,,FBgn0042206
,,FBgn0042206
,,FBgn0042206
,,FBgn0042207
,,FBgn0042207
,,FBgn0042627
,,FBgn0042627
,,FBgn0042627
,,FBgn0042627
,,FBgn0042627
,,FBgn0043025
,,FBgn0043025
,,FBgn0043025
,,FBgn0043025
,,FBgn0043043
,,FBgn0043043
,,FBgn0043792
,,FBgn0043825
,,FBgn0043825
5-oxo-L-proline metabolism,PWY-7942,FBgn0047178
,,FBgn0050000
,,FBgn0050000
,,FBgn0050000
,,FBgn0050000
,,FBgn0050000
,,FBgn0050005
,,FBgn0050005
,,FBgn0050005
,,FBgn0050005
,,FBgn0050005
ultra-long-chain fatty acid biosynthesis,PWY-8041,FBgn0050008
very long chain fatty acid biosynthesis II,PWY-7036,FBgn0050008
stearate biosynthesis I (animals),PWY-5972,FBgn0050008
juniperonate biosynthesis,PWY-7619,FBgn0050008
sciadonate biosynthesis,PWY-6598,FBgn0050008
very long chain fatty acid biosynthesis I,PWY-5080,FBgn0050008
,,FBgn0050016
,,FBgn0050022
sulfide oxidation III (to sulfite),PWY-5285,FBgn0050022
,,FBgn0050036
,,FBgn0050037
,,FBgn0050104
,,FBgn0050104
,,FBgn0050104
,,FBgn0050104
,,FBgn0050104
,,FBgn0050223
,,FBgn0050249
,,FBgn0050250
,,FBgn0050251
,,FBgn0050290
inositol diphosphates biosynthesis,PWY-6369,FBgn0050295
1D-myo-inositol hexakisphosphate biosynthesis II (mammalian),PWY-6362,FBgn0050295
,,FBgn0050410
,,FBgn0050410
,,FBgn0050446
,,FBgn0050491
,,FBgn0050495
,,FBgn0050503
,,FBgn0050503
,,FBgn0050503
,,FBgn0050503
,,FBgn0050503
,,FBgn0050503
,,FBgn0050503
,,FBgn0050503
,,FBgn0050503
,,FBgn0050503
,,FBgn0050503
,,FBgn0050503
,,FBgn0051013
,,FBgn0051014
,,FBgn0051015
,,FBgn0051016
,,FBgn0051017
,,FBgn0051021
,,FBgn0051075
,,FBgn0051075
,,FBgn0051075
,,FBgn0051075
,,FBgn0051075
,,FBgn0051075
,,FBgn0051075
,,FBgn0051075
,,FBgn0051089
,,FBgn0051089
,,FBgn0051091
,,FBgn0051091
,,FBgn0051115
,,FBgn0051133
,,FBgn0051133
,,FBgn0051141
,,FBgn0051141
,,FBgn0051141
,,FBgn0051141
,,FBgn0051141
,,FBgn0051141
,,FBgn0051202
,,FBgn0051216
,,FBgn0051216
,,FBgn0051371
,,FBgn0051472
pyridoxal 5'-phosphate salvage I,PLPSAL-PWY,FBgn0051473
,,FBgn0051522
,,FBgn0051522
,,FBgn0051522
,,FBgn0051522
,,FBgn0051522
,,FBgn0051522
,,FBgn0051523
,,FBgn0051523
,,FBgn0051523
,,FBgn0051523
,,FBgn0051523
,,FBgn0051523
,,FBgn0051524
,,FBgn0051717
Ac/N-end rule pathway,PWY-7800,FBgn0051730
,,FBgn0051739
,,FBgn0051776
,,FBgn0051809
,,FBgn0051809
,,FBgn0051809
,,FBgn0051809
,,FBgn0051809
,,FBgn0051809
,,FBgn0051809
,,FBgn0051810
,,FBgn0051810
,,FBgn0051810
,,FBgn0051810
,,FBgn0051810
,,FBgn0051810
,,FBgn0051810
,,FBgn0051871
,,FBgn0051871
,,FBgn0051872
,,FBgn0051872
procollagen hydroxylation and glycosylation,PWY-7894,FBgn0051915
,,FBgn0051973
,,FBgn0052026
,,FBgn0052068
,,FBgn0052072
,,FBgn0052072
,,FBgn0052072
,,FBgn0052072
,,FBgn0052072
,,FBgn0052072
,,FBgn0052076
acyl carrier protein activation,PWY-6012-1,FBgn0052099
,,FBgn0052199
,,FBgn0052201
,,FBgn0052281
,,FBgn0052286
,,FBgn0052287
,,FBgn0052288
,,FBgn0052289
,,FBgn0052303
,,FBgn0052312
,,FBgn0052380
sphingomyelin metabolism,PWY3DJ-11281,FBgn0052380
,,FBgn0052412
,,FBgn0052413
,,FBgn0052449
,,FBgn0052484
,,FBgn0052484
,,FBgn0052699
,,FBgn0052699
,,FBgn0052699
,,FBgn0053092
,,FBgn0053092
Arg/N-end rule pathway (eukaryotic),PWY-7799,FBgn0053108
,,FBgn0053108
,,FBgn0053110
,,FBgn0053110
,,FBgn0053110
,,FBgn0053110
,,FBgn0053110
,,FBgn0053110
,,FBgn0053116
,,FBgn0053116
,,FBgn0053145
,,FBgn0053147
,,FBgn0053147
,,FBgn0053177
,,FBgn0053177
,,FBgn0053177
,,FBgn0053177
,,FBgn0053177
,,FBgn0053177
,,FBgn0053177
,,FBgn0053178
,,FBgn0053178
,,FBgn0053178
,,FBgn0053178
,,FBgn0053178
,,FBgn0053178
,,FBgn0053178
,,FBgn0053544
,,FBgn0054041
,,FBgn0054056
,,FBgn0054057
,,FBgn0058045
erythritol biosynthesis II,PWY-8373,FBgn0058064
,,FBgn0058064
,,FBgn0058064
,,FBgn0063491
,,FBgn0063491
,,FBgn0063491
,,FBgn0063492
,,FBgn0063492
,,FBgn0063492
,,FBgn0063493
,,FBgn0063493
,,FBgn0063493
,,FBgn0063493
,,FBgn0063493
,,FBgn0063494
,,FBgn0063494
,,FBgn0063494
,,FBgn0063494
,,FBgn0063494
,,FBgn0063495
,,FBgn0063495
,,FBgn0063495
,,FBgn0063496
,,FBgn0063496
,,FBgn0063496
,,FBgn0063497
,,FBgn0063497
,,FBgn0063497
,,FBgn0063498
,,FBgn0063498
,,FBgn0063498
,,FBgn0063499
,,FBgn0063499
,,FBgn0063499
,,FBgn0063499
,,FBgn0063499
,,FBgn0066114
,,FBgn0066114
,,FBgn0066114
,,FBgn0067628
,,FBgn0067628
,,FBgn0067628
,,FBgn0067628
,,FBgn0068806
,,FBgn0068806
,,FBgn0069973
,,FBgn0085371
,,FBgn0085374
,,FBgn0085377
,,FBgn0085377
,,FBgn0085476
,,FBgn0085476
,,FBgn0085477
,,FBgn0085477
,,FBgn0085480
,,FBgn0085481
,,FBgn0085484
,,FBgn0086348
,,FBgn0086348
,,FBgn0086348
,,FBgn0086348
,,FBgn0086355
,,FBgn0086355
,,FBgn0086355
,,FBgn0086368
,,FBgn0086443
,,FBgn0086532
,,FBgn0086532
,,FBgn0086687
,,FBgn0086687
2-methyl-branched fatty acid β-oxidation,PWY-8181,FBgn0086712
,,FBgn0250732
,,FBgn0250732
,,FBgn0250732
,,FBgn0250837
,,FBgn0250837
,,FBgn0250837
,,FBgn0250862
,,FBgn0250862
,,FBgn0250862
,,FBgn0250862
,,FBgn0250862
,,FBgn0250862
,,FBgn0250862
,,FBgn0250862
,,FBgn0250862
,,FBgn0250862
,,FBgn0250862
,,FBgn0250862
,,FBgn0250906
,,FBgn0250906
,,FBgn0250906
,,FBgn0259146
,,FBgn0259166
,,FBgn0259170
,,FBgn0259178
,,FBgn0259178
,,FBgn0259178
,,FBgn0259178
,,FBgn0259749
,,FBgn0259749
,,FBgn0259749
,,FBgn0259977
,,FBgn0260653
,,FBgn0260779
,,FBgn0260779
,,FBgn0260942
,,FBgn0260942
,,FBgn0260942
,,FBgn0260942
,,FBgn0260942
,,FBgn0260942
,,FBgn0260960
,,FBgn0260960
,,FBgn0260960
,,FBgn0260960
,,FBgn0260960
,,FBgn0260960
,,FBgn0261020
,,FBgn0261112
2-arachidonoylglycerol biosynthesis,PWY-8052,FBgn0261244
,,FBgn0261244
,,FBgn0261285
,,FBgn0261363
,,FBgn0261363
,,FBgn0261393
,,FBgn0261393
,,FBgn0261403
,,FBgn0261436
,,FBgn0261436
guanosine nucleotides degradation III,PWY-6608,FBgn0261436
,,FBgn0261439
,,FBgn0261439
,,FBgn0261439
,,FBgn0261445
UDP-α-D-glucuronate biosynthesis (from UDP-glucose),PWY-7346,FBgn0261445
hypusine biosynthesis,PWY-5905,FBgn0261479
,,FBgn0261808
mitochondrial L-carnitine shuttle,PWY-6111,FBgn0261862
,,FBgn0261873
,,FBgn0261873
,,FBgn0261873
,,FBgn0262559
,,FBgn0262559
,,FBgn0262559
,,FBgn0262738
,,FBgn0262738
,,FBgn0262738
,,FBgn0262738
,,FBgn0262782
,,FBgn0262782
,,FBgn0262782
,,FBgn0262952
,,FBgn0263120
,,FBgn0263120
,,FBgn0263120
,,FBgn0263120
,,FBgn0263120
,,FBgn0263120
D-galactose degradation I (Leloir pathway),PWY-6317,FBgn0263199
,,FBgn0263200
,,FBgn0263220
,,FBgn0263220
,,FBgn0263241
,,FBgn0263251
,,FBgn0263593
,,FBgn0263593
diacylglycerol and triacylglycerol biosynthesis,TRIGLSYN-PWY,FBgn0263593
,,FBgn0263593
,,FBgn0263607
glutamate removal from folates,PWY-2161B,FBgn0263608
protein NEDDylation,PWY-7899,FBgn0263697
,,FBgn0263782
,,FBgn0263782
,,FBgn0263830
protein O-[N-acetyl]-glucosylation,PWY-7437,FBgn0264672
,,FBgn0264848
,,FBgn0264979
,,FBgn0264979
,,FBgn0265264
triacylglycerol degradation,LIPAS-PWY,FBgn0265264
,,FBgn0265267
,,FBgn0265267
,,FBgn0265268
,,FBgn0265271
,,FBgn0265271
,,FBgn0265974
,,FBgn0265974
,,FBgn0265974
,,FBgn0265974
,,FBgn0266268
,,FBgn0266268
,,FBgn0266582
,,FBgn0266717
,,FBgn0267383
,,FBgn0267384
,,FBgn0267823
,,FBgn0270926
,,FBgn0270926
,,FBgn0270926
,,FBgn0275436
,,FBgn0283427
,,FBgn0283427
palmitate biosynthesis I (type I fatty acid synthase),PWY-5994,FBgn0283427
,,FBgn0283427
,,FBgn0283427
,,FBgn0283437
,,FBgn0283437
,,FBgn0283494
,,FBgn0283500
,,FBgn0283680
,,FBgn0283680
,,FBgn0283680
N6-L-threonylcarbamoyladenosine37-modified tRNA biosynthesis,PWY0-1587,FBgn0283681
,,FBgn0284253
"tetrahydrofolate salvage from 5,10-methenyltetrahydrofolate",PWY-6613,FBgn0000053
superpathway of NAD biosynthesis in eukaryotes,PWY-3502,FBgn0031589
,,FBgn0030512
,,FBgn0035436
,,FBgn0039304
,,FBgn0035421
,,FBgn0034997
,,FBgn0085453
,,FBgn0029823
,,FBgn0037537
,,FBgn0036183
,,FBgn0036290
,,FBgn0027552
,,FBgn0035476
,,FBgn0086254
,,FBgn0033101
L-dopa and L-dopachrome biosynthesis,PWY-6481,FBgn0286203
,,FBgn0034971
,,FBgn0030421
,,FBgn0036623
,,FBgn0036622
,,FBgn0026718
,,FBgn0040212
,,FBgn0263048
,,FBgn0034825
,,FBgn0001128
,,FBgn0030512
2-oxoglutarate decarboxylation to succinyl-CoA,PWY-5084,FBgn0035240
,,FBgn0289579
,,FBgn0037891
,,FBgn0010352
,,FBgn0028848
,,FBgn0033190
,,FBgn0022160
,,FBgn0042138
thioredoxin pathway (NADPH),THIOREDOX-PWY,FBgn0031670
,,FBgn0037170
,,FBgn0020653
,,FBgn0039690
,,FBgn0042710
,,FBgn0029091
,,FBgn0033377
,,FBgn0033969
,,FBgn0003076
,,FBgn0036099
,,FBgn0034299
,,FBgn0034997
,,FBgn0023535
fatty acid biosynthesis initiation (type I),PWY-5966-1,FBgn0033246
,,FBgn0290421
,,FBgn0034299
,,FBgn0266452
superpathway of chondroitin sulfate biosynthesis,PWY-6569,FBgn0015360
,,FBgn0033500
,,FBgn0263005
,,FBgn0030662
,,FBgn0032618
UDP-α-D-xylose biosynthesis,PWY-4821,FBgn0035848
methylglyoxal degradation III,PWY-5453,FBgn0033101
,,FBgn0086254
,,FBgn0035476
,,FBgn0027552
,,FBgn0036290
,,FBgn0036183
,,FBgn0037537
2-oxoisovalerate decarboxylation to isobutanoyl-CoA,PWY-5046,FBgn0039993
,,FBgn0037709
,,FBgn0030612
,,FBgn0289579
glycine biosynthesis II,GLYCINE-SYN2-PWY,FBgn0037801
,,FBgn0032287
,,FBgn0289579
pyruvate decarboxylation to acetyl CoA I,PYRUVDEHYD-PWY,FBgn0283658
,,FBgn0289579
,,FBgn0039635
,,FBgn0029722
,,FBgn0028325
thiosulfate disproportionation IV (rhodanese),PWY-5350,FBgn0032054
,,FBgn0005278
heme a biosynthesis,PWY-7856,FBgn0032222
icosapentaenoate metabolites biosynthesis,PWY-8399,FBgn0034415
,,FBgn0035438
,,FBgn0004465
,,FBgn0037728
gluconeogenesis III,PWY66-399,FBgn0032820
,,FBgn0000064
,,FBgn0034173
,,FBgn0031451
,,FBgn0014869
,,FBgn0027580
,,FBgn0003067
,,FBgn0034356
,,FBgn0031463
,,FBgn0036327
,,FBgn0036328
,,FBgn0034382
,,FBgn0037534
,,FBgn0032394
,,FBgn0032524
,,FBgn0035471
,,FBgn0266452
,,FBgn0036663
,,FBgn0261625
,,FBgn0030512
L-alanine biosynthesis II,ALANINE-SYN2-PWY,FBgn0030478
,,FBgn0037955
,,FBgn0052495
,,FBgn0030882
mevalonate pathway I (eukaryotes and bacteria),PWY-922,FBgn0040064
,,FBgn0025352
,,FBgn0035203
,,FBgn0029969
,,FBgn0061359
,,FBgn0032811
,,FBgn0030683
,,FBgn0038876
,,FBgn0031500
,,FBgn0085201
,,FBgn0034299
,,FBgn0034971
,,FBgn0030421
,,FBgn0036623
,,FBgn0036622
,,FBgn0026718
,,FBgn0029945
pyrimidine deoxyribonucleotides biosynthesis from CTP,PWY-7210,FBgn0034299
,,FBgn0029823
,,FBgn0051773
,,FBgn0030407
L-glutamate degradation I,GLUTAMATE-DEG1-PWY,FBgn0036663
,,FBgn0033426
,,FBgn0035204
,,FBgn0052549
,,FBgn0033226
,,FBgn0289745
L-carnitine biosynthesis,PWY-6100,FBgn0038795
,,FBgn0029823
ubiquinone-10 biosynthesis (late decarboxylation),PWY-5872,FBgn0030460
,,FBgn0032922
,,FBgn0052174
,,FBgn0029502
,,FBgn0031713
tRNA methylation (yeast),PWY-6829,FBgn0032430
,,FBgn0038861
,,FBgn0034748
,,FBgn0290420
,,FBgn0014031
mannitol degradation II,PWY-3861,FBgn0286506
,,FBgn0037537
,,FBgn0036183
,,FBgn0036290
,,FBgn0027552
,,FBgn0035476
,,FBgn0086254
,,FBgn0033101
,,FBgn0023535
glycine biosynthesis I,GLYSYN-PWY,FBgn0029823
PRPP biosynthesis,PWY0-662,FBgn0036030
,,FBgn0034382
,,FBgn0037534
,,FBgn0033879
,,FBgn0032394
,,FBgn0032524
,,FBgn0035471
,,FBgn0035911
,,FBgn0035811
,,FBgn0034432
,,FBgn0031703
,,FBgn0033879
,,FBgn0040064
,,FBgn0025352
[2Fe-2S] iron-sulfur cluster biosynthesis (mitochondria),PWY-7250,FBgn0032393
L-threonine degradation II,THREONINE-DEG2-PWY,FBgn0036997
,,FBgn0036208
N-acetylglucosamine degradation I,GLUAMCAT-PWY,FBgn0031717
,,FBgn0000052
,,FBgn0000053
,,FBgn0000052
,,FBgn0000053
,,FBgn0020513
,,FBgn0027493
,,FBgn0038467
,,FBgn0283494
,,FBgn0022709
,,FBgn0290421
,,FBgn0042094
,,FBgn0036099
,,FBgn0034299
superpathway of heparan sulfate biosynthesis,PWY-6564,FBgn0015360
,,FBgn0029175
,,FBgn0085201
glycine cleavage,GLYCLEAV-PWY,FBgn0037801
,,FBgn0032287
,,FBgn0289579
NADP biosynthesis,PWY-8148,FBgn0033373
,,FBgn0033853
,,FBgn0053156
ophthalmate biosynthesis,PWY-8043,FBgn0052495
,,FBgn0030882
L-alanine degradation III,ALANINE-DEG3-PWY,FBgn0030478
,,FBgn0034415
,,FBgn0035438
superpathway of adenosine nucleotides de novo biosynthesis I (from IMP and L-aspartate),PWY-7229,FBgn0027493
,,FBgn0038467
,,FBgn0283494
,,FBgn0022709
,,FBgn0290421
,,FBgn0042094
,,FBgn0034299
UDP-N-acetyl-D-galactosamine biosynthesis II,PWY-5514,FBgn0031717
,,FBgn0039690
,,FBgn0042710
mRNA capping I,PWY-7375,FBgn0286027
,,FBgn0030512
valproate β-oxidation,PWY-8182,FBgn0033879
,,FBgn0031703
,,FBgn0035911
,,FBgn0035811
,,FBgn0034432
,,FBgn0025352
,,FBgn0040064
,,FBgn0029969
,,FBgn0035203
,,FBgn0042710
glycosaminoglycan-protein linkage region biosynthesis,PWY-6557,FBgn0015360
,,FBgn0267828
,,FBgn0265187
,,FBgn0034999
,,FBgn0038730
,,FBgn0038731
,,FBgn0038734
,,FBgn0038733
,,FBgn0038732
,,FBgn0037996
,,FBgn0035471
,,FBgn0032524
,,FBgn0032394
,,FBgn0031500
fatty acid β-oxidation I (generic),FAO-PWY,FBgn0025352
,,FBgn0040064
,,FBgn0029969
,,FBgn0035203
,,FBgn0034432
,,FBgn0035811
,,FBgn0035911
,,FBgn0035169
,,FBgn0033879
cardiolipin biosynthesis II,PWY-5269,FBgn0038649
L-serine biosynthesis I,SERSYN-PWY,FBgn0014427
,,FBgn0032350
propanoate fermentation to 2-methylbutanoate,PWY-5109,FBgn0025352
,,FBgn0040064
,,FBgn0029969
,,FBgn0035203
CDP-diacylglycerol biosynthesis II,PWY0-1319,FBgn0010350
,,FBgn0001128
,,FBgn0034825
,,FBgn0263048
,,FBgn0026718
,,FBgn0036622
,,FBgn0036623
,,FBgn0030421
,,FBgn0034971
,,FBgn0037955
retinol biosynthesis,PWY-6857,FBgn0033205
,,FBgn0286852
,,FBgn0033226
,,FBgn0289745
,,FBgn0033999
glycogen degradation II,PWY-5941,FBgn0004507
,,FBgn0033377
,,FBgn0033969
,,FBgn0003076
,,FBgn0034618
,,FBgn0042710
,,FBgn0035854
,,FBgn0038272
,,FBgn0036194
,,FBgn0290421
,,FBgn0034299
,,FBgn0266452
UTP and CTP dephosphorylation I,PWY-7185,FBgn0266452
,,FBgn0033426
,,FBgn0035204
,,FBgn0052549
,,FBgn0035421
,,FBgn0034997
,,FBgn0010786
,,FBgn0038361
,,FBgn0030066
,,FBgn0033426
,,FBgn0035204
,,FBgn0052549
,,FBgn0034382
,,FBgn0037534
,,FBgn0037996
,,FBgn0038732
,,FBgn0038733
,,FBgn0038734
,,FBgn0038731
,,FBgn0038730
,,FBgn0034999
,,FBgn0265187
,,FBgn0267828
,,FBgn0036857
,,FBgn0032061
,,FBgn0028497
,,FBgn0038890
,,FBgn0035169
CMP phosphorylation,PWY-7205,FBgn0290421
,,FBgn0034299
chondroitin biosynthesis,PWY-6566,FBgn0033500
,,FBgn0263005
,,FBgn0030662
,,FBgn0039137
heme b biosynthesis I (aerobic),HEME-BIOSYNTHESIS-II,FBgn0033428
"phospholipid remodeling (phosphatidate, yeast)",PWY-7417,FBgn0030421
,,FBgn0036623
,,FBgn0036622
,,FBgn0026718
"fatty acid β-oxidation V (unsaturated, odd number, di-isomerase-dependent)",PWY-6837,FBgn0031813
,,FBgn0027572
,,FBgn0035169
S-methyl-5-thio-α-D-ribose 1-phosphate degradation I,PWY-4361,FBgn0039849
,,FBgn0037305
,,FBgn0029175
,,FBgn0267828
,,FBgn0265187
,,FBgn0034999
,,FBgn0038730
,,FBgn0038731
,,FBgn0038734
,,FBgn0038733
,,FBgn0038732
,,FBgn0037996
flavin salvage,PWY66-366,FBgn0032522
,,FBgn0030431
,,FBgn0014930
,,FBgn0031041
,,FBgn0037347
,,FBgn0051028
,,FBgn0032061
GDP-mannose biosynthesis,PWY-5659,FBgn0286506
,,FBgn0037279
,,FBgn0026565
,,FBgn0032076
UDP-α-D-glucose biosynthesis,PWY-7343,FBgn0035978
,,FBgn0033377
,,FBgn0033969
,,FBgn0003076
,,FBgn0033246
,,FBgn0037607
,,FBgn0050499
"protein O-mannosylation II (mammals, core M1 and core M2)",PWY-7922,FBgn0028481
,,FBgn0051690
,,FBgn0020312
,,FBgn0038324
,,FBgn0032799
,,FBgn0037607
,,FBgn0050499
,,FBgn0030239
,,FBgn0033426
,,FBgn0035204
,,FBgn0052549
,,FBgn0039304
,,FBgn0290421
,,FBgn0034299
,,FBgn0266452
,,FBgn0000064
,,FBgn0034173
,,FBgn0031451
,,FBgn0267385
,,FBgn0042710
,,FBgn0014869
phosphatidylethanolamine biosynthesis III,PWY-6273,FBgn0287585
,,FBgn0034415
,,FBgn0035438
L-serine degradation,SERDEG-PWY,FBgn0037684
TCA cycle III (animals),PWY66-398,FBgn0051874
,,FBgn0036162
,,FBgn0286222
,,FBgn0029890
,,FBgn0261955
,,FBgn0010100
,,FBgn0037862
,,FBgn0027291
,,FBgn0029118
,,FBgn0037643
,,FBgn0004888
,,FBgn0038708
,,FBgn0036327
,,FBgn0036328
,,FBgn0035240
,,FBgn0289579
,,FBgn0037891
,,FBgn0010352
sulfite oxidation IV (sulfite oxidase),PWY-5326,FBgn0030966
sulfide oxidation IV (mitochondria),PWY-7927,FBgn0030966
,,FBgn0035515
,,FBgn0032054
,,FBgn0030558
serotonin degradation,PWY-6313,FBgn0286199
,,FBgn0036857
,,FBgn0034382
,,FBgn0037534
,,FBgn0032524
,,FBgn0032394
,,FBgn0035471
phosphatidylglycerol biosynthesis II,PWY4FS-8,FBgn0010350
,,FBgn0026718
,,FBgn0036622
,,FBgn0036623
,,FBgn0030421
,,FBgn0034971
,,FBgn0001128
,,FBgn0034825
,,FBgn0263048
,,FBgn0038649
,,FBgn0010786
,,FBgn0038361
,,FBgn0030066
,,FBgn0033428
,,FBgn0034299
ceramide phosphoethanolamine biosynthesis,PWY-7404,FBgn0025335
CDP-diacylglycerol biosynthesis I,PWY-5667,FBgn0010350
,,FBgn0026718
,,FBgn0036622
,,FBgn0036623
,,FBgn0030421
,,FBgn0034971
,,FBgn0001128
,,FBgn0034825
,,FBgn0263048
pentose phosphate pathway (oxidative branch) I,OXIDATIVEPENT-PWY,FBgn0030239
,,FBgn0267350
N-acetylglucosamine degradation II,PWY-6517,FBgn0038321
,,FBgn0031717
glycerol-3-phosphate shuttle,PWY-6118,FBgn0263048
,,FBgn0034825
,,FBgn0001128
,,FBgn0028848
,,FBgn0033190
,,FBgn0022160
,,FBgn0032393
,,FBgn0031060
,,FBgn0061361
trehalose biosynthesis I,TRESYN-PWY,FBgn0031907
,,FBgn0035436
,,FBgn0001258
,,FBgn0000064
,,FBgn0034173
,,FBgn0031451
,,FBgn0267385
,,FBgn0042710
,,FBgn0014869
glycogen biosynthesis II (from UDP-D-Glucose),PWY-5067,FBgn0265191
,,FBgn0266064
,,FBgn0053138
,,FBgn0034299
2-deoxy-α-D-ribose 1-phosphate degradation,PWY-7180,FBgn0033377
,,FBgn0033969
,,FBgn0033735
,,FBgn0286199
L-leucine degradation I,LEU-DEG2-PWY,FBgn0030482
,,FBgn0042083
,,FBgn0039877
,,FBgn0031877
,,FBgn0035911
NAD phosphorylation and dephosphorylation,NADPHOS-DEPHOS-PWY,FBgn0033373
,,FBgn0033853
,,FBgn0053156
,,FBgn0051028
,,FBgn0032061
L-alanine biosynthesis III,PWY0-1021,FBgn0032393
,,FBgn0031530
,,FBgn0031681
,,FBgn0051956
,,FBgn0027558
,,FBgn0034025
,,FBgn0050463
,,FBgn0036529
,,FBgn0035375
,,FBgn0030930
superpathway of L-serine and glycine biosynthesis I,SER-GLYSYN-PWY,FBgn0014427
,,FBgn0032350
,,FBgn0029823
inosine-5'-phosphate biosynthesis II,PWY-6124,FBgn0020513
,,FBgn0038467
tetradecanoate biosynthesis (mitochondria),PWY66-430,FBgn0033883
molybdopterin biosynthesis,PWY-6823,FBgn0260229
,,FBgn0039280
,,FBgn0032054
,,FBgn0032393
,,FBgn0035187
,,FBgn0267350
,,FBgn0031589
,,FBgn0030512
,,FBgn0036327
,,FBgn0036328
superpathway of geranylgeranyldiphosphate biosynthesis I (via mevalonate),PWY-5910,FBgn0040064
,,FBgn0025352
,,FBgn0035203
,,FBgn0029969
,,FBgn0061359
,,FBgn0032811
,,FBgn0030683
,,FBgn0038876
,,FBgn0000566
,,FBgn0034997
,,FBgn0034997
,,FBgn0001258
D-mannose degradation II,PWY3O-1743,FBgn0286506
,,FBgn0001258
,,FBgn0033999
NADPH repair (eukaryotes),PWY-8137,FBgn0030178
,,FBgn0036848
choline degradation I,CHOLINE-BETAINE-ANA-PWY,FBgn0036857
L-cysteine degradation IV,PWY-8452,FBgn0032393
,,FBgn0034299
,,FBgn0036857
,,FBgn0286199
,,FBgn0037146
,,FBgn0033426
,,FBgn0035204
,,FBgn0052549
L-tyrosine degradation I,TYRFUMCAT-PWY,FBgn0036992
,,FBgn0040211
,,FBgn0030558
propanoyl-CoA degradation II,PWY-7574,FBgn0031813
,,FBgn0027572
,,FBgn0033879
,,FBgn0038326
L-isoleucine degradation I,ILEUDEG-PWY,FBgn0030482
,,FBgn0025352
,,FBgn0040064
,,FBgn0029969
,,FBgn0035203
,,FBgn0036992
,,FBgn0286199
,,FBgn0036099
,,FBgn0034299
pyrimidine deoxyribonucleotide phosphorylation,PWY-7197,FBgn0290421
,,FBgn0034299
,,FBgn0033377
,,FBgn0033969
dipyrromethane cofactor biosynthesis,PWY-8159,FBgn0010786
,,FBgn0037146
S-adenosyl-L-methionine salvage II,PWY-5041,FBgn0005278
L-arginine degradation I (arginase pathway),ARGASEDEG-PWY,FBgn0023535
superpathway of pyrimidine deoxyribonucleoside salvage,PWY-7200,FBgn0290421
,,FBgn0034299
,,FBgn0029823
di-homo-γ-linolenate metabolites biosynthesis,PWY-8396,FBgn0034415
,,FBgn0035438
,,FBgn0004465
,,FBgn0037728
,,FBgn0034371
,,FBgn0032372
,,FBgn0052445
,,FBgn0043783
,,FBgn0035679
,,FBgn0030525
,,FBgn0033377
,,FBgn0033969
,,FBgn0003076
,,FBgn0035515
NADH repair (eukaryotes),PWY-6938,FBgn0036848
,,FBgn0030178
,,FBgn0039690
,,FBgn0042710
,,FBgn0033215
,,FBgn0034971
,,FBgn0026718
,,FBgn0036622
,,FBgn0036623
,,FBgn0030421
L-valine degradation I,VALDEG-PWY,FBgn0030482
,,FBgn0038326
,,FBgn0034390
tRNA splicing II,PWY-7803,FBgn0051812
,,FBgn0053260
spermine biosynthesis,ARGSPECAT-PWY,FBgn0036272
,,FBgn0005278
,,FBgn0000566
,,FBgn0266452
,,FBgn0036663
,,FBgn0261625
,,FBgn0030512
,,FBgn0034382
,,FBgn0037534
,,FBgn0032524
,,FBgn0032394
,,FBgn0035471
,,FBgn0036857
,,FBgn0037996
,,FBgn0038732
,,FBgn0038733
,,FBgn0038734
,,FBgn0038731
,,FBgn0038730
,,FBgn0034999
,,FBgn0265187
,,FBgn0267828
pheomelanin biosynthesis,PWY-7917,FBgn0286203
adenosine ribonucleotides de novo biosynthesis,PWY-7219,FBgn0027493
,,FBgn0038467
,,FBgn0283494
,,FBgn0022709
,,FBgn0290421
,,FBgn0042094
phosphatidylglycerol biosynthesis I,PWY4FS-7,FBgn0010350
,,FBgn0001128
,,FBgn0034825
,,FBgn0263048
,,FBgn0026718
,,FBgn0036622
,,FBgn0036623
,,FBgn0030421
,,FBgn0034971
,,FBgn0038649
,,FBgn0051851
,,FBgn0052319
,,FBgn0037747
,,FBgn0039687
,,FBgn0031043
,,FBgn0024362
,,FBgn0026268
α-linolenate metabolites biosynthesis,PWY-8398,FBgn0034415
,,FBgn0035438
lacto-series glycosphingolipids biosynthesis,PWY-7839,FBgn0067102
,,FBgn0035050
,,FBgn0034382
,,FBgn0037534
,,FBgn0035471
,,FBgn0032524
,,FBgn0032394
ceramide degradation by α-oxidation,PWY66-388,FBgn0034488
,,FBgn0036857
,,FBgn0267828
,,FBgn0265187
,,FBgn0034999
,,FBgn0038730
,,FBgn0038731
,,FBgn0038734
,,FBgn0038733
,,FBgn0038732
,,FBgn0037996
,,FBgn0050502
,,FBgn0032524
,,FBgn0032394
,,FBgn0035471
,,FBgn0031813
,,FBgn0027572
,,FBgn0033879
,,FBgn0025352
,,FBgn0040064
,,FBgn0029969
,,FBgn0035203
,,FBgn0034415
,,FBgn0035438
,,FBgn0263398
,,FBgn0028848
,,FBgn0033190
,,FBgn0022160
phenylethylamine degradation I,2PHENDEG-PWY,FBgn0286199
ubiquinol-9 biosynthesis (late decarboxylation),PWY-5871,FBgn0030460
,,FBgn0031713
,,FBgn0032922
,,FBgn0052174
,,FBgn0034141
,,FBgn0029980
D-sorbitol degradation I,PWY-4101,FBgn0022359
,,FBgn0024289
,,FBgn0042710
serine racemization,PWY-8140,FBgn0037684
chondroitin sulfate biosynthesis,PWY-6567,FBgn0032618
,,FBgn0040064
,,FBgn0025352
,,FBgn0035203
,,FBgn0029969
,,FBgn0033879
protein N-glycosylation initial phase (eukaryotic),MANNOSYL-CHITO-DOLICHOL-BIOSYNTHESIS,FBgn0032477
,,FBgn0039639
,,FBgn0038552
,,FBgn0035401
,,FBgn0037108
,,FBgn0011297
,,FBgn0037743
,,FBgn0039293
,,FBgn0032799
,,FBgn0040212
,,FBgn0033983
,,FBgn0026718
,,FBgn0036622
,,FBgn0036623
,,FBgn0030421
,,FBgn0034997
,,FBgn0032055
dopamine degradation,PWY6666-2,FBgn0286199
,,FBgn0036857
serotonin and melatonin biosynthesis I,PWY-6030,FBgn0040376
,,FBgn0029813
,,FBgn0034428
,,FBgn0034429
,,FBgn0034426
,,FBgn0287831
,,FBgn0032839
,,FBgn0035187
,,FBgn0033883
,,FBgn0036857
,,FBgn0267828
,,FBgn0265187
,,FBgn0034999
,,FBgn0038730
,,FBgn0038731
,,FBgn0038734
,,FBgn0038733
,,FBgn0038732
,,FBgn0037996